episode,epsilon
1,0.00998645168764533
2,0.00998645168764533
3,0.00998645168764533
4,0.00998645168764533
5,0.00998645168764533
6,0.00998645168764533
7,0.00998645168764533
8,0.00998645168764533
9,0.00998645168764533
10,0.00998645168764533
